<annotation><folder>converted_labels</folder><filename>pos-209.jpg</filename><path>D:\PycharmProjects\convert\converted_labels\pos-209.jpg</path><source><database>Unknown</database></source><size><width>1189</width><height>560</height><depth>3</depth></size><segmented>0</segmented><object><name>nfpa</name><pose>Unspecified</pose><truncated>0</truncated><difficult>0</difficult><bndbox><xmin>602</xmin><ymin>438</ymin><xmax>621</xmax><ymax>461</ymax></bndbox></object><object><name>nfpa</name><pose>Unspecified</pose><truncated>0</truncated><difficult>0</difficult><bndbox><xmin>646</xmin><ymin>434</ymin><xmax>670</xmax><ymax>456</ymax></bndbox></object></annotation>