<annotation><folder>converted_labels</folder><filename>pos-179.jpg</filename><path>D:\PycharmProjects\convert\converted_labels\pos-179.jpg</path><source><database>Unknown</database></source><size><width>300</width><height>202</height><depth>3</depth></size><segmented>0</segmented><object><name>nfpa</name><pose>Unspecified</pose><truncated>0</truncated><difficult>0</difficult><bndbox><xmin>47</xmin><ymin>147</ymin><xmax>74</xmax><ymax>173</ymax></bndbox></object><object><name>nfpa</name><pose>Unspecified</pose><truncated>0</truncated><difficult>0</difficult><bndbox><xmin>78</xmin><ymin>123</ymin><xmax>109</xmax><ymax>159</ymax></bndbox></object><object><name>nfpa</name><pose>Unspecified</pose><truncated>0</truncated><difficult>0</difficult><bndbox><xmin>115</xmin><ymin>109</ymin><xmax>145</xmax><ymax>145</ymax></bndbox></object><object><name>nfpa</name><pose>Unspecified</pose><truncated>0</truncated><difficult>0</difficult><bndbox><xmin>147</xmin><ymin>82</ymin><xmax>185</xmax><ymax>122</ymax></bndbox></object><object><name>nfpa</name><pose>Unspecified</pose><truncated>0</truncated><difficult>0</difficult><bndbox><xmin>230</xmin><ymin>121</ymin><xmax>264</xmax><ymax>157</ymax></bndbox></object><object><name>nfpa</name><pose>Unspecified</pose><truncated>0</truncated><difficult>0</difficult><bndbox><xmin>192</xmin><ymin>67</ymin><xmax>229</xmax><ymax>107</ymax></bndbox></object></annotation>