<annotation><folder>converted_labels</folder><filename>pos-211.jpg</filename><path>D:\PycharmProjects\convert\converted_labels\pos-211.jpg</path><source><database>Unknown</database></source><size><width>1192</width><height>560</height><depth>3</depth></size><segmented>0</segmented><object><name>nfpa</name><pose>Unspecified</pose><truncated>0</truncated><difficult>0</difficult><bndbox><xmin>573</xmin><ymin>429</ymin><xmax>602</xmax><ymax>459</ymax></bndbox></object><object><name>nfpa</name><pose>Unspecified</pose><truncated>0</truncated><difficult>0</difficult><bndbox><xmin>657</xmin><ymin>387</ymin><xmax>689</xmax><ymax>419</ymax></bndbox></object></annotation>