<annotation><folder>converted_labels</folder><filename>pos-210.jpg</filename><path>D:\PycharmProjects\convert\converted_labels\pos-210.jpg</path><source><database>Unknown</database></source><size><width>1200</width><height>563</height><depth>3</depth></size><segmented>0</segmented><object><name>nfpa</name><pose>Unspecified</pose><truncated>0</truncated><difficult>0</difficult><bndbox><xmin>552</xmin><ymin>345</ymin><xmax>572</xmax><ymax>362</ymax></bndbox></object><object><name>nfpa</name><pose>Unspecified</pose><truncated>0</truncated><difficult>0</difficult><bndbox><xmin>601</xmin><ymin>328</ymin><xmax>620</xmax><ymax>348</ymax></bndbox></object></annotation>