<annotation><folder>converted_labels</folder><filename>pos-230.jpg</filename><path>D:\PycharmProjects\convert\converted_labels\pos-230.jpg</path><source><database>Unknown</database></source><size><width>240</width><height>305</height><depth>3</depth></size><segmented>0</segmented><object><name>nfpa</name><pose>Unspecified</pose><truncated>0</truncated><difficult>0</difficult><bndbox><xmin>137</xmin><ymin>203</ymin><xmax>233</xmax><ymax>304</ymax></bndbox></object><object><name>nfpa</name><pose>Unspecified</pose><truncated>0</truncated><difficult>0</difficult><bndbox><xmin>129</xmin><ymin>47</ymin><xmax>230</xmax><ymax>147</ymax></bndbox></object><object><name>nfpa</name><pose>Unspecified</pose><truncated>0</truncated><difficult>0</difficult><bndbox><xmin>9</xmin><ymin>22</ymin><xmax>112</xmax><ymax>125</ymax></bndbox></object><object><name>nfpa</name><pose>Unspecified</pose><truncated>0</truncated><difficult>0</difficult><bndbox><xmin>11</xmin><ymin>201</ymin><xmax>111</xmax><ymax>302</ymax></bndbox></object></annotation>