<annotation><folder>converted_labels</folder><filename>pos-242.jpg</filename><path>D:\PycharmProjects\convert\converted_labels\pos-242.jpg</path><source><database>Unknown</database></source><size><width>278</width><height>278</height><depth>3</depth></size><segmented>0</segmented><object><name>nfpa</name><pose>Unspecified</pose><truncated>0</truncated><difficult>0</difficult><bndbox><xmin>80</xmin><ymin>45</ymin><xmax>126</xmax><ymax>93</ymax></bndbox></object><object><name>nfpa</name><pose>Unspecified</pose><truncated>0</truncated><difficult>0</difficult><bndbox><xmin>82</xmin><ymin>116</ymin><xmax>128</xmax><ymax>163</ymax></bndbox></object><object><name>nfpa</name><pose>Unspecified</pose><truncated>0</truncated><difficult>0</difficult><bndbox><xmin>83</xmin><ymin>186</ymin><xmax>127</xmax><ymax>230</ymax></bndbox></object><object><name>nfpa</name><pose>Unspecified</pose><truncated>0</truncated><difficult>0</difficult><bndbox><xmin>219</xmin><ymin>46</ymin><xmax>263</xmax><ymax>91</ymax></bndbox></object><object><name>nfpa</name><pose>Unspecified</pose><truncated>0</truncated><difficult>0</difficult><bndbox><xmin>218</xmin><ymin>117</ymin><xmax>263</xmax><ymax>162</ymax></bndbox></object><object><name>nfpa</name><pose>Unspecified</pose><truncated>0</truncated><difficult>0</difficult><bndbox><xmin>218</xmin><ymin>188</ymin><xmax>264</xmax><ymax>234</ymax></bndbox></object></annotation>