<annotation><folder>converted_labels</folder><filename>pos-22.jpg</filename><path>D:\PycharmProjects\convert\converted_labels\pos-22.jpg</path><source><database>Unknown</database></source><size><width>200</width><height>223</height><depth>3</depth></size><segmented>0</segmented><object><name>nfpa</name><pose>Unspecified</pose><truncated>0</truncated><difficult>0</difficult><bndbox><xmin>59</xmin><ymin>117</ymin><xmax>106</xmax><ymax>169</ymax></bndbox></object><object><name>nfpa</name><pose>Unspecified</pose><truncated>0</truncated><difficult>0</difficult><bndbox><xmin>118</xmin><ymin>114</ymin><xmax>173</xmax><ymax>165</ymax></bndbox></object></annotation>